{
  "saldo_hoy": 2324740.57,
  "saldo_caja": 40073.19,
  "saldo_bancos": 2284667.38,
  "cheq_60": 1543326.73,
  "egr_60": 4298767.79,
  "saldo_60": -430700.4900000002,
  "cheq_70": 1648260.7,
  "egr_70": 6248767.79,
  "saldo_70": -2275766.5200000005
}